team_id,team_market,team_name,team_abbr,player_id,player_name,position,primary_position,jersey_number,player_status,injury_id,injury_status,injury_type,injury_desc,injury_start,injury_update
25507be1-6a68-4267-bd82-e097d94b359b,Arizona,Diamondbacks,AZ,d4bf1d64-870f-40fc-95a6-45ed8c1b8696,A.J. Puk,P,RP,33,D60,c83a0670-f576-4716-a9da-bd65749c4135,D60,Elbow,The Arizona Diamondbacks transferred LHP A.J. Puk from the 15-day injured list to the 60-day injured list with a left elbow inflammation.,2025-04-19,2025-05-01
25507be1-6a68-4267-bd82-e097d94b359b,Arizona,Diamondbacks,AZ,c55e9b75-ed61-4ea6-8cad-ff10854f7c80,Blake Walston,P,SP,48,D60,b637023b-b347-4439-898f-b0bb2e93efa2,D60,Elbow,The Arizona Diamondbacks placed LHP Blake Walston on the 60-day injured list as he recovers from Tommy John surgery. He's expected to miss the 2025 season.,2025-03-23,2025-03-23
25507be1-6a68-4267-bd82-e097d94b359b,Arizona,Diamondbacks,AZ,0b72206e-0b85-43b9-a836-8a538269c2e1,Christian Montes De Oca,P,RP,59,D60,962e04b0-d96c-49b6-a80c-0b8097290556,D60,Elbow,The Arizona Diamondbacks transferred RHP Christian Montes De Oca from the 15-day injured list to the 60-day injured list with a right elbow inflammation.,2025-06-10,2025-06-19
25507be1-6a68-4267-bd82-e097d94b359b,Arizona,Diamondbacks,AZ,3ce2509f-eec9-4d02-aa76-0dce03029347,Corbin Burnes,P,SP,39,D60,6241cb53-b548-4599-8f07-1a0de03097bb,D60,Elbow,The Arizona Diamondbacks transferred RHP Corbin Burnes to the 60-day injured list with right elbow inflammation.,2025-06-02,2025-06-07
25507be1-6a68-4267-bd82-e097d94b359b,Arizona,Diamondbacks,AZ,41de1f31-e472-4fdc-a0e3-082f81a51cef,Cristian Mena,P,SP,64,D60,4a03fdb1-7cbf-46d6-8f57-89ce34b07c09,D60,Shoulder,The Arizona Diamondbacks transferred RHP Cristian Mena from the 15-day injured list to the 60-day injured list with a right shoulder strain.,2025-06-07,2025-06-10
25507be1-6a68-4267-bd82-e097d94b359b,Arizona,Diamondbacks,AZ,049f14e2-3e08-4485-8019-a3891d30501b,Justin Martinez,P,RP,63,D60,fcca8574-d2f6-4a78-9bc1-24c04e378a8f,D60,Elbow,The Arizona Diamondbacks placed RHP Justin Martinez on the 60-day injured list with a right UCL sprain.,2025-06-09,2025-06-15
25507be1-6a68-4267-bd82-e097d94b359b,Arizona,Diamondbacks,AZ,016e7b25-5855-447a-aa10-10372bcc1fa3,Kevin Ginkel,P,RP,37,D60,a2a7e121-b15d-4998-9175-3d2bab044ad6,D60,Shoulder,The Arizona Diamondbacks transferred RHP Kevin Ginkel to the 60-day injured list with a sprained right shoulder.,2025-08-04,2025-08-06
25507be1-6a68-4267-bd82-e097d94b359b,Arizona,Diamondbacks,AZ,0e9eddf6-e2b9-48e0-9f34-98e7f0c37988,Pavin Smith,IF,1B,26,D60,654504b3-e9de-4e37-844a-8019983af6a8,D60,Quadriceps,The Arizona Diamondbacks placed INF Pavin Smith on the 60-day injured list due to a left quad strain.,2025-08-27,2025-09-05
25507be1-6a68-4267-bd82-e097d94b359b,Arizona,Diamondbacks,AZ,7a0da377-a34c-42ba-ac84-5815ad1c0aae,Tommy Henry,P,RP,47,D60,c6d39806-8dce-4cfd-9a7b-4f585bf0c7d1,D60,Elbow,The Arizona Diamondbacks placed LHP Tommy Henry on the 60-day injured list due to left ulnar collateral ligament surgery.,2025-07-06,2025-07-06
12079497-e414-450a-8bf2-29f91de646bf,Atlanta,Braves,ATL,d9026eb2-ed6d-427e-87e1-eaa4dbd82d70,AJ Smith-Shawver,P,SP,32,D60,e6461c78-49d2-4c84-a394-6c4265cb40ca,D60,Calf/Elbow,"The Atlanta Braves transferred RHP AJ Smith-Shawver on the 15-day injured list to the 60-day injured list due to a strained right elbow.
Smith-Shawver underwent Tommy John surgery and will miss the remainder of the 2025 season.",2025-05-29,2025-06-09
12079497-e414-450a-8bf2-29f91de646bf,Atlanta,Braves,ATL,982edc12-b347-4998-80e4-5f088f2a3378,Aaron Bummer,P,RP,49,D60,df19cb7a-60e3-437d-9cfb-71f8df5a9c15,D60,Shoulder,The Atlanta Braves transferred LHP Aaron Bummer to the 60-day injured list due to a left shoulder inflammation.,2025-08-24,2025-09-18
12079497-e414-450a-8bf2-29f91de646bf,Atlanta,Braves,ATL,4ee9e14f-2436-4ca4-a9c2-6557d8d86769,Austin Riley,IF,3B,27,D60,a4821379-3a93-48a0-9c1f-76cd5d63c915,D60,Abdominal,The Atlanta Braves transferred INF Austin Riley from the 10-day injured list to the 60-day injured list with a strained lower abdominal muscle.,2025-08-03,2025-09-01
12079497-e414-450a-8bf2-29f91de646bf,Atlanta,Braves,ATL,5b716c3b-2a71-475d-bed9-09434d9b7744,Daysbel Hernández,P,RP,62,D60,4a1583fe-edbd-442c-b3ef-6dea07ac7e03,D60,Shoulder,The Atlanta Braves transferred RHP Daysbel Hernández to the 60-day injured list with right shoulder inflammation.,2025-09-09,2025-09-21
12079497-e414-450a-8bf2-29f91de646bf,Atlanta,Braves,ATL,5a6101eb-bc40-47af-824a-0f9d1dbe2e0d,Grant Holmes,P,SP,66,D60,c95412d6-0d7f-4056-8857-a8af2798a292,D60,Elbow,The Atlanta Braves transferred RHP Grant Holmes to the 60-day injured list with right elbow inflammation.,2025-07-27,2025-07-27
12079497-e414-450a-8bf2-29f91de646bf,Atlanta,Braves,ATL,bff726f2-15df-4bdf-80e1-211b284b299f,Jake Fraley,OF,RF,16,D60,24e6ac97-1a01-467b-a701-edd50449ef12,D60,Oblique,The Atlanta Braves transferred OF Jake Fraley from the 10-day injured list to the 60-day injured list with a strained right oblique muscle.,2025-09-11,2025-09-17
12079497-e414-450a-8bf2-29f91de646bf,Atlanta,Braves,ATL,49812b41-643c-4356-b6eb-ffd29df4f653,Joe Jiménez,P,RP,77,D60,a694bc9e-157f-4daa-8713-7ee187f60d55,D60,Knee,The Atlanta Braves transferred RHP Joe Jiménez from 15-day injured list to the 60-day injured list as he recovers from knee surgery.,2025-03-24,2025-03-31
12079497-e414-450a-8bf2-29f91de646bf,Atlanta,Braves,ATL,942dc231-6052-4410-9bad-e94e465bc914,Reynaldo López,P,SP,40,D60,ac0e8a6e-43ea-4877-96bf-eb0a7c4dbe56,D60,Shoulder,The Atlanta Braves transferred RHP Reynaldo López to the 60-day injured list as he recovers from arthroscopic shoulder surgery.,2025-03-31,2025-04-03
12079497-e414-450a-8bf2-29f91de646bf,Atlanta,Braves,ATL,312edbf0-0528-4e69-a3cb-1b0c26275965,Sean Murphy,C,C,12,D60,0f739979-bb13-4d9c-86a6-b33aae87d8d3,D60,Hip,The Atlanta Braves transferred C Sean Murphy from the 10-day injured list to the 60-day injured list with a right hip labral tear.,2025-09-08,2025-09-16
12079497-e414-450a-8bf2-29f91de646bf,Atlanta,Braves,ATL,5ca58873-9c77-4e87-bcdb-63b818a84864,Spencer Schwellenbach,P,SP,56,D60,e01381b4-0551-458a-bd2d-1f40491179c7,D60,Elbow,The Atlanta Braves transferred RHP Spencer Schwellenbach from the 15-day injured list to the 60-day injured list with a fractured right elbow.,2025-06-29,2025-07-06
75729d34-bca7-4a0f-b3df-6f26c6ad3719,Baltimore,Orioles,BAL,623e9837-a580-43f3-a524-74342173fe67,Brandon Young,P,SP,63,D60,ccd85b08-8678-4727-b549-54b37931185c,D60,Hamstring,The Baltimore Orioles transferred RHP Brandon Young to the 60-day injured list from the 15-day injured list with a strained left hamstring.,2025-08-21,2025-08-27
75729d34-bca7-4a0f-b3df-6f26c6ad3719,Baltimore,Orioles,BAL,f9ab5bbf-bb91-4a1a-9fe7-c8dd4eb9022f,Félix Bautista,P,RP,74,D60,e16f48a4-0b9e-4fdc-9ce8-c0971245d8f0,D60,Shoulder,The Baltimore Orioles transferred RHP Félix Bautista to the 60-day injured list due to right shoulder surgery.,2025-07-21,2025-08-22
75729d34-bca7-4a0f-b3df-6f26c6ad3719,Baltimore,Orioles,BAL,8e17fe93-87da-4a6c-a63e-32a8083470cc,Grayson Rodriguez,P,SP,30,D60,fe2ff1e3-e352-4bff-a08f-5268796bef6c,D60,Elbow,The Baltimore Orioles said on Friday (Aug. 1) that RHP Grayson Rodriguez will not need reconstruction on his elbow injury.,2025-03-27,2025-08-01
93941372-eb4c-4c40-aced-fe3267174393,Boston,Red Sox,BOS,df569e68-70ff-479b-8839-554ebd6ea2fb,Hunter Dobbins,P,SP,73,D60,c006e0c5-7736-4efd-b0c9-61fa1ebdf65e,D60,ACL,The Boston Red Sox transferred RHP Hunter Dobbins from the 15-day injured list to the 60-day injured list with a right ACL tear.,2025-07-11,2025-07-31
93941372-eb4c-4c40-aced-fe3267174393,Boston,Red Sox,BOS,168e458f-a73b-4361-b25b-31fe1eb50e61,Josh Winckowski,P,RP,25,D60,0147e6e8-eb2b-4fa8-babe-f53f684d8a78,D60,Elbow,The Boston Red Sox placed RHP Josh Winckowski on the 60-day injured list as he recovers from elbow inflammation in mid-May.,2025-06-07,2025-06-07
93941372-eb4c-4c40-aced-fe3267174393,Boston,Red Sox,BOS,d548d8c4-f974-4ee8-873f-16b72429d2c3,Kutter Crawford,P,SP,50,D60,93b00e94-5c36-4976-b6a7-3eb0c08a46bd,D60,Knee,The Boston Red Sox placed RHP Kutter Crawford on the 60-day injured list as he recovers from right patellar tendinopathy. Crawford will undergo what will likely be season-ending surgery on his right wrist as reported on (Jun. 25) Wednesday.,2025-03-24,2025-05-16
93941372-eb4c-4c40-aced-fe3267174393,Boston,Red Sox,BOS,1d2d4e69-08fb-4f8a-98bb-839344561807,Liam Hendriks,P,RP,31,D60,732e3aae-70de-4d08-9209-76d3c35dfce4,D60,Hip,The Boston Red Sox transferred RHP Liam Hendriks to the 60-day injured list with right hip inflammation.,2025-05-28,2025-07-08
93941372-eb4c-4c40-aced-fe3267174393,Boston,Red Sox,BOS,28199545-5889-459a-bae2-4052a3409db9,Luis Guerrero,P,RP,99,D60,0501e10d-17d3-4d63-89eb-246874911c8e,D60,Elbow,The Boston Red Sox transferred RHP Luis Guerrero to the 60-day injured list due to a right elbow strain.,2025-06-28,2025-08-02
93941372-eb4c-4c40-aced-fe3267174393,Boston,Red Sox,BOS,f9b432ce-f49c-4da0-8970-d3654041ea28,Marcelo Mayer,IF,3B,39,D60,4b96a53e-2ee8-4b33-a98c-5bbd2d53e0c8,D60,Wrist,The Boston Red Sox transferred INF Marcelo Mayer from the 10-day injured list to the 60-day injured list due to a sprained right wrist.,2025-07-24,2025-09-01
93941372-eb4c-4c40-aced-fe3267174393,Boston,Red Sox,BOS,f69252fd-0aa5-4043-9875-d0aa4915056a,Patrick Sandoval,P,SP,43,D60,61083a39-baf2-479f-8889-585f31d33bda,D60,Elbow,The Boston Red Sox placed LHP Patrick Sandoval on the 60-day injured list as he recovers from his Tommy John surgery.,2025-02-15,2025-02-15
93941372-eb4c-4c40-aced-fe3267174393,Boston,Red Sox,BOS,1b0ad742-0bc5-49b0-abe0-005e8581b1d3,Tanner Houck,P,SP,89,D60,40883add-53e3-43fb-8eb3-fa510dceb6ca,D60,Flexor,The Boston Red Sox reported on Saturday (Aug. 2) that RHP Tanner Houck will undergo Tommy John surgery due to a right flexor pronator strain.,2025-05-13,2025-08-02
93941372-eb4c-4c40-aced-fe3267174393,Boston,Red Sox,BOS,3a1835ea-ac3e-4a62-a5ef-7705c26dd802,Triston Casas,IF,1B,36,D60,dddd85b5-b0ac-4424-9f11-ae32ccc6d872,D60,Knee,"The Boston Red Sox transferred INF Triston Casas to the 60-day injured list due to a left patellar tendon rupture. Casas will be off crutches in two weeks and expects to be ready for Opening Day next season, Jen McCaffrey of The Athletic reports.",2025-05-02,2025-06-03
93941372-eb4c-4c40-aced-fe3267174393,Boston,Red Sox,BOS,c096bb04-1a2a-4c31-8613-94abc3f32011,Vaughn Grissom,IF,2B,5,D60,c36504be-abac-4e4a-9fdf-badda4115ca7,D60,Foot,The Boston Red Sox placed INF Vaughn Grissom on the 60-day injured list with plantar fasciitis.,2025-09-09,2025-09-09
55714da8-fcaf-4574-8443-59bfb511a524,Chicago,Cubs,CHC,70f7f1a5-e82d-45c9-8fb1-7ba495797690,Justin Steele,P,SP,35,D60,c8950cb4-dc71-4c7d-9208-45b66e26b4a5,D60,Elbow,The Chicago Cubs transferred LHP Justin Steele from the 15-day injured list to the 60-day injured list and will undergo season-ending surgery to repair his flexor tendon and address UCL damage in his left elbow.,2025-04-09,2025-04-23
47f490cd-2f58-4ef7-9dfd-2ad6ba6c1ae8,Chicago,White Sox,CWS,7d2708e6-b548-4ca8-8c71-98c8a685df7f,Drew Thorpe,P,SP,33,D60,b816e016-3fb5-45d4-afab-4c00e9d79752,D60,Elbow,The Chicago White Sox placed RHP Drew Thorpe on the 60-day injured list as he recovers from Tommy John surgery. He's expected to miss the 2025 season.,2025-03-27,2025-03-27
47f490cd-2f58-4ef7-9dfd-2ad6ba6c1ae8,Chicago,White Sox,CWS,aa0edc16-ae30-4789-a70f-00f010d112cb,Ky Bush,P,SP,,D60,6e37d10c-c38e-4bc4-bf97-060934b05254,D60,Elbow,The Chicago White Sox placed LHP Ky Bush on the 60-day injured list as he recovers from Tommy John surgery.,2025-02-17,2025-02-17
47f490cd-2f58-4ef7-9dfd-2ad6ba6c1ae8,Chicago,White Sox,CWS,205f6104-6a51-4200-ade8-0b7ded90ae9d,Prelander Berroa,P,RP,,D60,2190f23d-c46e-43fc-9d08-8106ba8179ec,D60,Elbow,The Chicago White Sox placed RHP Prelander Berroa on the 60-day injured list as he recovers from Tommy John surgery. He's expected to miss the 2025 season.,2025-03-23,2025-03-23
c874a065-c115-4e7d-b0f0-235584fb0e6f,Cincinnati,Reds,CIN,45b2906b-e65a-450e-aefd-035284937324,Brandon Williamson,P,SP,65,D60,d197f83e-f20a-4593-a99a-ef1ee1604494,D60,Elbow,The Cincinnati Reds placed LHP Brandon Williamson on the 60-day injured list with a left elbow strain.,2025-03-26,2025-03-26
c874a065-c115-4e7d-b0f0-235584fb0e6f,Cincinnati,Reds,CIN,660eaf2b-18dd-417d-9a19-873eda064463,Carson Spiers,P,RP,68,D60,12c0a029-a1e5-4628-bdd2-0cad1b849ee6,D60,Shoulder,The Cincinnati Reds transferred RHP Carson Spiers from the 15-day injured list to the 60-day injured list as he recovers from a right shoulder impingement.,2025-04-20,2025-05-23
c874a065-c115-4e7d-b0f0-235584fb0e6f,Cincinnati,Reds,CIN,1207034c-28e9-40f0-8411-3c0768807b09,Julian Aguiar,P,SP,39,D60,20de0dc7-0627-4d40-94d6-543baff75246,D60,Elbow,"The Cincinnati Reds placed RHP Julian Aguiar on the 60-day injured list as he recovers from Tommy John surgery. Aguiar will miss the entire 2025 season after undergoing Tommy John surgery, Mark Sheldon of MLB.com reports.",2025-02-13,2025-02-13
c874a065-c115-4e7d-b0f0-235584fb0e6f,Cincinnati,Reds,CIN,65e665b2-cd64-4bfe-a7c5-2afa492e7eff,Rhett Lowder,P,SP,25,D60,b2607033-baaa-4c31-926e-40ec90cc9180,D60,Forearm,The Cincinnati Reds placed RHP Rhett Lowder on the 60-day injured list.,2025-03-26,2025-06-04
c874a065-c115-4e7d-b0f0-235584fb0e6f,Cincinnati,Reds,CIN,f8de6e52-8105-4fca-8062-0d024fab1449,Tyler Callihan,OF,LF,32,D60,780600eb-baae-4229-b4ab-83a0b21636fc,D60,Forearm,The Cincinnati Reds placed INF Tyler Callihan on the 60-day injured list with a left forearm fracture.,2025-05-05,2025-05-09
80715d0d-0d2a-450f-a970-1b9a3b18c7e7,Cleveland,Guardians,CLE,2f674dee-9b74-4058-851c-9219c807ecee,Andrew Walters,P,RP,91,D60,1e8c91d1-cc2c-4ef0-8568-b7e307849f6b,D60,Lat,The Cleveland Guardians transferred RHP Andrew Walters to the 60-day injured list with a right lat strain.,2025-05-31,2025-06-06
80715d0d-0d2a-450f-a970-1b9a3b18c7e7,Cleveland,Guardians,CLE,32a615d1-9a88-4cd0-be2f-d8f1d731715e,Ben Lively,P,SP,39,D60,8504b0c3-5541-4b4f-a12c-8893eededa93,D60,Forearm,The Cleveland Guardians transferred C Max Stassi from the 15-day injured list to the 60-day injured list. Lively is set to undergo season-ending UCL surgery and will miss the remainder of the season.,2025-05-12,2025-05-30
80715d0d-0d2a-450f-a970-1b9a3b18c7e7,Cleveland,Guardians,CLE,d6c41179-8aef-407c-843d-225a397935f0,John Means,P,SP,47,D60,54a1d2b1-a4bc-42f3-8a33-0aae52ee46f8,D60,Elbow,The Cleveland Guardians transferred LHP John Means from the 15-day injured list to the 60-day injured list as he recovers from UCL revision.,2025-03-27,2025-04-08
80715d0d-0d2a-450f-a970-1b9a3b18c7e7,Cleveland,Guardians,CLE,19531254-3669-4d66-a1ac-c1264e6cb3bb,Sam Hentges,P,RP,31,D60,3285e840-10e2-4f76-b34f-ba6c1d1e5558,D60,Shoulder,The Cleveland Guardians placed LHP Sam Hentges on the 60-day injured list as he recovers from shoulder capsule repair.,2025-02-16,2025-02-16
80715d0d-0d2a-450f-a970-1b9a3b18c7e7,Cleveland,Guardians,CLE,3dbbc8ce-7069-4da4-be4f-6fbee631d8a7,Will Brennan,OF,RF,17,D60,c584783a-257f-4423-960e-f54484e85955,D60,Forearm,The Cleveland Guardians placed OF Will Brennan on the 60-day injured list with left forearm inflammation.,2025-05-22,2025-06-27
29dd9a87-5bcc-4774-80c3-7f50d985068b,Colorado,Rockies,COL,2df4c1ae-3eb7-4009-a7ef-00335aa82893,Thairo Estrada,IF,2B,39,D60,3174b895-902d-4eba-bb3b-67d1fed7d945,D60,Hamstring,The Colorado Rockies placed INF Thairo Estrada on the 60-day injured list with right hamstring strain.,2025-08-05,2025-08-08
575c19b7-4052-41c2-9f0a-1c5813d02f99,Detroit,Tigers,DET,0d9babdc-80b5-40c2-a71d-068219b9337b,Beau Brieske,P,RP,4,D60,6c01b0c4-7599-446f-9c47-246594892ee6,D60,Forearm,The Detroit Tigers placed RHP Beau Brieske on the 60-day injured list due to right forearm strain.,2025-09-12,2025-09-12
575c19b7-4052-41c2-9f0a-1c5813d02f99,Detroit,Tigers,DET,6ac810f6-694e-48b9-a7d8-1cc43a98206b,Jackson Jobe,P,SP,21,D60,87c6f68b-1975-4f2b-8d66-20813b441855,D60,Flexor,The Detroit Tigers placed RHP Jackson Jobe on the 60-day injured list with a flexor strain.,2025-05-30,2025-06-12
575c19b7-4052-41c2-9f0a-1c5813d02f99,Detroit,Tigers,DET,5f333b4b-e361-4705-8741-0c0f0dd1a4f7,Jason Foley,P,RP,68,D60,b8903fb1-6025-4494-b1a0-756641720316,D60,Shoulder,"The Detroit Tigers placed RHP Jason Foley on the 60-day injured list due to a shoulder strain. Foley underwent season-ending shoulder surgery, Cody Stavenhagen of The Athletic reports.",2025-06-04,2025-06-04
575c19b7-4052-41c2-9f0a-1c5813d02f99,Detroit,Tigers,DET,81188c28-2235-44cf-b11a-c58a192e3d4c,Reese Olson,P,SP,45,D60,fce3418c-1db8-4fa8-ae55-58b2d383c9e2,D60,Shoulder,The Detroit Tigers placed RHP Reese Olson on the 60-day injured list with a shoulder strain.,2025-07-28,2025-07-28
575c19b7-4052-41c2-9f0a-1c5813d02f99,Detroit,Tigers,DET,2f30fa8d-c4f7-42c2-8509-1a4feb3daa04,Sean Guenther,P,RP,73,D60,15ab5798-f365-4994-b362-db6887984e8e,D60,Hip,The Detroit Tigers placed LHP Sean Guenther on the 60-day injured list as he recovers from a left hip arthroscopy.,2025-07-06,2025-07-06
575c19b7-4052-41c2-9f0a-1c5813d02f99,Detroit,Tigers,DET,f216c7d9-7eca-466f-af1d-41a12887a7b1,Ty Madden,P,SP,36,D60,b1e09cf1-c5e8-476d-a06b-9223cf49c1ce,D60,Shoulder,The Detroit Tigers placed RHP Ty Madden on the 60-day injured list with a right shoulder inflammation.,2025-03-27,2025-03-28
eb21dadd-8f10-4095-8bf3-dfb3b779f107,Houston,Astros,HOU,f4cba601-78ab-4c0a-8cc8-4236c6050480,Brandon Walter,P,RP,60,D60,d1fe16d0-9e21-4a94-b340-0450c5bb489b,D60,Elbow,The Houston Astros transferred LHP Brandon Walter to the 60-day injured list with a left elbow inflammation.,2025-07-24,2025-08-22
eb21dadd-8f10-4095-8bf3-dfb3b779f107,Houston,Astros,HOU,07e64bda-3dd4-4634-84ff-1a2693ea6c76,Hayden Wesneski,P,RP,39,D60,b0ef3d7e-1b23-4e7b-bc50-5f705d62753e,D60,Elbow,The Houston Astros transferred RHP Hayden Wesneski to the 60-day injured list from the 15-day injured list with right elbow inflammation.,2025-05-09,2025-05-20
eb21dadd-8f10-4095-8bf3-dfb3b779f107,Houston,Astros,HOU,2dcec70b-f79e-48f4-9641-0ef1e15cf81e,Kaleb Ort,P,RP,63,D60,59ba39f1-0c11-4204-87b5-d8d2e22fc806,D60,Elbow,The Houston Astros placed RHP Kaleb Ort on the 60-day injured list due to right elbow inflammation.,2025-09-05,2025-09-19
eb21dadd-8f10-4095-8bf3-dfb3b779f107,Houston,Astros,HOU,8d9cf2ab-c06c-4ca9-96c0-8c17ef83b591,Ronel Blanco,P,SP,56,D60,160fb300-8bef-4700-967d-d304e5c171f9,D60,Elbow,The Houston Astros transferred RHP Ronel Blanco to the 60-day injured list with a right elbow inflammation.,2025-05-22,2025-06-01
eb21dadd-8f10-4095-8bf3-dfb3b779f107,Houston,Astros,HOU,b383a233-3917-4371-9c49-683505c980d8,Zach Dezenzo,OF,LF,9,D60,0abfd9db-92bd-40ad-8ed1-b5d9880a01a7,D60,Hand,The Houston Astros placed INF Zach Dezenzo on the 60-day injured list with a left hand inflammation.,2025-05-31,2025-07-11
4f735188-37c8-473d-ae32-1f7e34ccf892,Los Angeles,Angels,LAA,78712aa3-b342-48ee-a0cc-ab90d5dd3618,Anthony Rendon,IF,3B,6,D60,5dc4f6d0-42d5-4ef0-baee-7b68849c4b07,D60,Hip,The Los Angeles Angels placed INF Anthony Rendon on the 60-day injured list as he undergone hip surgery.,2025-02-15,2025-02-15
4f735188-37c8-473d-ae32-1f7e34ccf892,Los Angeles,Angels,LAA,7bc80ba7-450a-40b0-8864-0e0138b61ede,Ben Joyce,P,RP,44,D60,3e202182-e38c-4daf-8972-997afb108994,D60,Shoulder,"The Los Angeles Angels placed RHP Ben Joyce on the 60-day injured list as he reported a shoulder discomfort during a round of catch. Joyce underwent season-ending shoulder surgery today, the Angels announced.",2025-04-11,2025-05-14
4f735188-37c8-473d-ae32-1f7e34ccf892,Los Angeles,Angels,LAA,de4d7e8a-356f-49b4-8242-96f892fa8320,Gustavo Campero,OF,RF,51,D60,a810929d-9a37-49b8-a86e-638a404eaa46,D60,Ankle,The Los Angeles Angels transferred OF Gustavo Campero from the 10-day injured list to the 60-day injured list due to a left ankle sprain.,2025-08-12,2025-09-01
4f735188-37c8-473d-ae32-1f7e34ccf892,Los Angeles,Angels,LAA,4eba23e5-b274-4a2b-a3c7-fe2009a90619,Jorge Soler,OF,RF,12,D60,9d990cc0-ad2a-4757-bf32-44013263bd5c,D60,Back,The Los Angeles Angels placed OF Jorge Soler on the 10-day injured list with a low back inflammation.,2025-07-24,2025-09-08
4f735188-37c8-473d-ae32-1f7e34ccf892,Los Angeles,Angels,LAA,1cdd5198-b8c8-4c0f-8c96-b0192b00b8b2,Reid Detmers,P,RP,48,D60,8c8e5de4-43b1-4fe2-a405-192a33dc8ca0,D60,Elbow,The Los Angeles Angels transferred LHP Reid Detmers to the 60-day injured list with left elbow inflammation.,2025-09-11,2025-09-12
4f735188-37c8-473d-ae32-1f7e34ccf892,Los Angeles,Angels,LAA,e01fc5fc-a2a1-4e7c-8ae6-8ca4a1644ca2,Victor Mederos,P,SP,58,D60,26d2c68a-fd42-4475-a749-ae41b77801e2,D60,Shoulder,The Los Angeles Angels transferred RHP Victor Mederos from the 15-day injured list to the 60-day injured list due to a shoulder injury.,2025-08-24,2025-09-03
ef64da7f-cfaf-4300-87b0-9313386b977c,Los Angeles,Dodgers,LAD,43862b88-c119-4625-b138-f3c5ea1b8b06,Brusdar Graterol,P,RP,48,D60,453cf86a-b13f-4281-987e-cd25ea708986,D60,Shoulder,The Los Angeles Dodgers placed RHP Brusdar Graterol on the 60-day injured list as he recovers from right shoulder surgery.,2025-03-17,2025-03-17
ef64da7f-cfaf-4300-87b0-9313386b977c,Los Angeles,Dodgers,LAD,3db92c3c-bf71-40f8-89a7-f6361af5c6e7,Evan Phillips,P,RP,59,D60,0482f8a8-4754-47b4-b032-a2b8fa9a6491,D60,forearm,The Los Angeles Dodgers transferred RHP Evan Phillips to the 60-day injured list due to right forearm discomfort.,2025-05-07,2025-05-29
ef64da7f-cfaf-4300-87b0-9313386b977c,Los Angeles,Dodgers,LAD,dd788cd1-076e-48a7-912a-89508baeb58a,Gavin Stone,P,SP,35,D60,001a1227-b51c-4459-ba45-0a99d3627e55,D60,Shoulder,"The Los Angeles Dodgers placed RHP Gavin Stone on the 60-day injured list as he undergone right shoulder surgery, and is likely to miss the entire 2025 season.",2025-02-11,2025-02-11
ef64da7f-cfaf-4300-87b0-9313386b977c,Los Angeles,Dodgers,LAD,b1164821-c03e-4826-89ba-94891d44c2d5,Kyle Hurt,P,SP,63,D60,6eb6e012-2dc7-4ddf-ab30-a3f15225b105,D60,Elbow,The Los Angeles Dodgers transferred SP Kyle Hurt from the 15-day injured list to the 60-day injured list as he recovers from Tommy John surgery.,2025-03-17,2025-04-02
ef64da7f-cfaf-4300-87b0-9313386b977c,Los Angeles,Dodgers,LAD,71030153-fc1d-4d95-97c9-bad577a41b6c,Michael Grove,P,RP,29,D60,6364ea12-2260-4d64-8f5d-1f0e4bb99b98,D60,Shoulder,The Los Angeles Dodgers placed RHP Michael Grove on the 60-day injured list as he recovers from right shoulder surgery.,2025-03-17,2025-03-17
ef64da7f-cfaf-4300-87b0-9313386b977c,Los Angeles,Dodgers,LAD,08fb3f85-74eb-4073-9430-890582a25643,Nick Frasso,P,SP,79,D60,da454aa8-048c-41fc-9695-55152d51c6c1,D60,Undisclosed,The Los Angeles Dodgers placed RHP Nick Frasso to the 60-day injured list.,2025-09-27,2025-09-27
ef64da7f-cfaf-4300-87b0-9313386b977c,Los Angeles,Dodgers,LAD,717049f1-2d45-43af-895c-bd7990080775,River Ryan,P,SP,77,D60,c104479b-ad2a-40bb-93ac-5f57d165c189,D60,Elbow,The Los Angeles Dodgers placed RHP River Ryan on the 60-day injured list as he recovers from Tommy John surgery.,2025-02-13,2025-02-13
ef64da7f-cfaf-4300-87b0-9313386b977c,Los Angeles,Dodgers,LAD,c144f063-3940-472c-b607-9e5359844431,Tony Gonsolin,P,SP,26,D60,42ebefd4-cf05-4288-8eef-c0043e52bdac,D60,Elbow,The Los Angeles Dodgers transferred RHP Tony Gonsolin to the 60-day injured list with a right elbow discomfort.,2025-06-07,2025-06-19
03556285-bdbb-4576-a06d-42f71f46ddc5,Miami,Marlins,MIA,badcb851-f368-44a7-9eae-b0d5678825a4,Andrew Nardi,P,RP,43,D60,94eee8a1-de7a-416d-aa10-466fe6281804,D60,Back,The Miami Marlins placed LHP Andrew Nardi on the 60-day injured list with a lower-back inflammation.,2025-03-15,2025-03-15
03556285-bdbb-4576-a06d-42f71f46ddc5,Miami,Marlins,MIA,3e523dd1-5705-4a96-b601-0a2bcaba2167,Anthony Bender,P,RP,37,D60,84b466e0-b2f9-4bcd-b6a9-18a8f317639c,D60,Tibia,The Miami Marlins transferred RHP Anthony Bender from the 15-day injured list to the 60-day injured list with a tibial stress reaction.,2025-08-18,2025-09-01
03556285-bdbb-4576-a06d-42f71f46ddc5,Miami,Marlins,MIA,ee949b74-4692-44ae-8c82-a3217439ab4a,Braxton Garrett,P,SP,29,D60,244646ad-4c3c-4c72-aabb-83846ef8d1e4,D60,Elbow,The Miami Marlins placed LHP Braxton Garrett on the 60-day injured list as he recovers from left elbow UCL revision surgery.,2025-02-12,2025-02-12
03556285-bdbb-4576-a06d-42f71f46ddc5,Miami,Marlins,MIA,fa55a6a7-b9b6-48a9-80cf-1a3deb797c79,Jesus Tinoco,P,RP,38,D60,708acf41-a4ae-407f-b40a-9fbfe9994093,D60,Forearm,The Miami Marlins transferred RHP Jesús Tinoco to the 60-day injured list with right forearm strain.,2025-06-06,2025-07-16
03556285-bdbb-4576-a06d-42f71f46ddc5,Miami,Marlins,MIA,a42f123a-4a4b-4af3-92f2-4fdea542680b,Max Meyer,P,SP,23,D60,98081798-3f1f-41dc-945d-10ef656aa201,D60,Hip,The Miami Marlins transferred RHP Max Meyer to the 60-day injured list with a left hip impingement.,2025-06-03,2025-07-01
03556285-bdbb-4576-a06d-42f71f46ddc5,Miami,Marlins,MIA,1a6f52ff-a125-44f3-8e97-2836d6e7d552,Tyler Zuber,P,RP,55,D60,7a1ca6c4-98f6-4cd7-bd04-28c2fe2d727c,D60,Lat,The Miami Marlins transferred RHP Tyler Zuber from the 15-day injured list to the 60-day injured list with right lat strain.,2025-08-30,2025-09-01
dcfd5266-00ce-442c-bc09-264cd20cf455,Milwaukee,Brewers,MIL,06cbe7dd-d36e-4823-9149-2b54dd351128,Garrett Mitchell,OF,CF,5,D60,06442a1f-fdb9-4d37-82cc-976e90090b7c,D60,Oblique,The Milwaukee Brewers transferred OF Garrett Mitchell from the 10-day injured list to the 60-day injured list due to a left oblique strain.,2025-04-26,2025-07-06
dcfd5266-00ce-442c-bc09-264cd20cf455,Milwaukee,Brewers,MIL,803149cd-8335-40c1-90ff-fb3103c0e7dd,Logan Henderson,P,SP,43,D60,d02a1046-aa19-4f97-83c8-41237098fcc4,D60,Elbow,The Milwaukee Brewers transferred RHP Logan Henderson to the 60-day injured list with right elbow inflammation. He was diagnosed with a right elbow flexor strain,2025-08-04,2025-08-27
aa34e0ed-f342-4ec6-b774-c79b47b60e2d,Minnesota,Twins,MIN,e5c02f09-9e02-49b2-bb7f-4791994f39a3,Alan Roden,OF,LF,19,D60,c16d75d7-87b6-4df9-ad45-c67064f8871f,D60,Thumb,The Minnesota Twins transferred OF Alan Roden to the 60-day injured list due to a thumb injury.,2025-08-15,2025-08-17
f246a5e5-afdb-479c-9aaa-c68beeda7af6,New York,Mets,NYM,e1cbb2df-986d-4fab-bf1e-7192c54bdae9,A.J. Minter,P,RP,33,D60,913a3153-1be8-4802-a4ea-6d82a40bf648,D60,Lat,The New York Mets transferred LHP A.J. Minter from the 15-day injured list to the 60-day injured list due to a left lat strain.,2025-04-26,2025-05-01
f246a5e5-afdb-479c-9aaa-c68beeda7af6,New York,Mets,NYM,7945584c-94fe-49e4-9d85-ad3ccd6b8617,Christian Scott,P,SP,45,D60,51d08ac8-cf79-4df5-afd5-a6f100710b71,D60,Elbow,The New York Mets placed RHP Christian Scott on the 60-day injured list as he recovers from UCL sprain.,2025-02-26,2025-02-26
f246a5e5-afdb-479c-9aaa-c68beeda7af6,New York,Mets,NYM,a37a751b-8a72-4bfc-8ac4-d980e97575e0,Danny Young,P,RP,81,D60,ff7e4520-7eeb-43a7-9e39-641339c94ecd,D60,Elbow,The New York Mets transferred LHP Danny Young from the 15-day injured list to the 60-day injured list due to a left elbow sprain.,2025-04-27,2025-05-04
f246a5e5-afdb-479c-9aaa-c68beeda7af6,New York,Mets,NYM,6b4fd26d-3a3d-4aed-8f5a-36a91bd98861,Dedniel Núñez,P,RP,72,D60,df5ce335-6fdf-4633-9ecc-212e9278a4dc,D60,Elbow,The New York Mets transferred RHP Dedniel Núñez from the 15-day injured list to the 60-day injured list due to his right elbow.,2025-07-03,2025-07-21
f246a5e5-afdb-479c-9aaa-c68beeda7af6,New York,Mets,NYM,a190b415-b572-4c98-b974-4f1b574f9d69,Frankie Montas,P,SP,47,D60,20bd1b4b-1d77-4e58-8535-c17d643447d6,D60,Elbow,The New York Mets placed RHP Frankie Montas on the 60-day injured list.,2025-08-23,2025-08-25
f246a5e5-afdb-479c-9aaa-c68beeda7af6,New York,Mets,NYM,f824c28f-19a6-468a-9e28-274c01534e5b,Max Kranick,P,RP,32,D60,63911ac2-3148-45ee-9624-b4e59bafc0a2,D60,Elbow,The New York Mets placed RHP Max Kranick on the 60-day injured list with a right elbow strain.,2025-06-19,2025-07-25
f246a5e5-afdb-479c-9aaa-c68beeda7af6,New York,Mets,NYM,04bbd2cb-cc77-41da-8550-e332c2da0cf1,Nick Madrigal,IF,3B,11,D60,d300fd2b-e0b1-477d-8582-f6d3fa3a5a0f,D60,Shoulder,The New York Mets placed INF Nick Madrigal on the 60-day injured list. Madrigal will likely miss the entire season as he recovers from fractured left shoulder. ,2025-02-24,2025-02-24
f246a5e5-afdb-479c-9aaa-c68beeda7af6,New York,Mets,NYM,75147a4e-9c8c-4f58-8b38-a4d2847ff108,Tylor Megill,P,SP,38,D60,2d7c24ec-84fe-4f93-9b58-b9a0a9a5831f,D60,Elbow,The New York Mets transferred RHP Tylor Megill from the 15-day injured list to the 60-day injured list due to elbow inflammation.,2025-06-15,2025-07-08
a09ec676-f887-43dc-bbb3-cf4bbaee9a18,New York,Yankees,NYY,98382676-6df3-4b1f-9bc8-8c2f1fd28621,Clarke Schmidt,P,SP,36,D60,4ba5aba7-ca32-4de2-a5a8-4472ec01fc29,D60,Forearm,The New York Yankees RHP Clarke Schmidt was transferred from the 15-day injured list to the 60-day injured list as he recovers from his right forearm tightness.,2025-07-03,2025-07-30
a09ec676-f887-43dc-bbb3-cf4bbaee9a18,New York,Yankees,NYY,eebc991a-23ea-4f1c-ba3b-37ff21ee1603,Gerrit Cole,P,SP,45,D60,4b0498db-1c5e-43e7-a16e-cb8f41315d64,D60,Elbow,The New York Yankees placed RHP Gerrit Cole on the 60-day injured list as he recovers from Tommy John surgery. He's expected to miss the entire 2025 season.,2025-03-22,2025-03-22
a09ec676-f887-43dc-bbb3-cf4bbaee9a18,New York,Yankees,NYY,dfc35421-2c21-40db-bc7d-895ef8d79b02,Jake Cousins,P,RP,61,D60,a4e66250-85aa-4654-9033-55261278a159,D60,Elbow,The New York Yankees placed RHP Jake Cousins on the 60-day injured list on Thursday (Mar. 27). Cousins underwent Tommy John surgery on Thursday (Jun. 18) and is now on the way to recovery. ,2025-03-27,2025-06-18
a09ec676-f887-43dc-bbb3-cf4bbaee9a18,New York,Yankees,NYY,f2c55fb7-f18f-44ab-80a0-7e5d8ee165cc,Oswaldo Cabrera,IF,3B,95,D60,2585eff8-0d28-4740-bcfb-a0e4c1517a7a,D60,Ankle,The New York Yankees transferred INF Oswaldo Cabrera from the 10-day injured list to the 60-day injured list with a left ankle fracture.,2025-05-13,2025-06-19
2142e1ba-3b40-445c-b8bb-f1f8b1054220,Philadelphia,Phillies,PHI,d8a8391b-8616-4398-bcfd-eeae86167c88,Daniel Robert,P,RP,48,D60,4c4dedd5-be76-43b1-ac91-81051eb6a8e2,D60,Forearm,The Philadelphia Phillies transferred RHP Daniel Robert to the 60-day injured list with a right forearm strain.,2025-09-03,2025-09-08
2142e1ba-3b40-445c-b8bb-f1f8b1054220,Philadelphia,Phillies,PHI,f2c07e82-71e8-4c76-962b-3a7739a11626,Zack Wheeler,P,SP,45,D60,eb25ff9e-03ba-4ac5-a60d-d43c9f5adb02,D60,Blood Clot,The Philadelphia Phillies transferred RHP Zack Wheeler to the 60-day injured list due to to a blood clot.,2025-08-16,2025-08-31
481dfe7e-5dab-46ab-a49f-9dcc2b6e2cfd,Pittsburgh,Pirates,PIT,76c4820c-ac98-4fbb-8f7f-d4fc888e2389,Dugan Darnell,P,RP,52,D60,ee7f0b22-cecd-47e3-9b70-ea35791f49fa,D60,Hip,The Colorado Rockies transferred RHP Dugan Darnell from the 15-day injured list to the 60-day injured list due to a left hip inflammation.,2025-08-22,2025-08-24
481dfe7e-5dab-46ab-a49f-9dcc2b6e2cfd,Pittsburgh,Pirates,PIT,f7a9c3be-c466-4ada-9146-f1c5137b5436,Endy Rodríguez,IF,1B,5,D60,7c92b6a2-bab6-433b-9e88-1132af69e339,D60,Elbow,The Pittsburgh Pirates transferred C Endy Rodríguez to the 60-day injured list with a right elbow inflammation.,2025-06-06,2025-06-13
481dfe7e-5dab-46ab-a49f-9dcc2b6e2cfd,Pittsburgh,Pirates,PIT,37f33376-ea29-4a8b-8acf-963af66bf126,Enmanuel Valdez,IF,1B,48,D60,b95ab066-ca18-448c-b5af-d9eab9afb679,D60,Shoulder,The Pittsburgh Pirates transferred INF Enmanuel Valdez from the 10-day injured list to the 60-day injured list with left shoulder inflammation. Valdez recently underwent season-ending surgery on his dislocated left shoulder.,2025-05-09,2025-05-14
481dfe7e-5dab-46ab-a49f-9dcc2b6e2cfd,Pittsburgh,Pirates,PIT,490a7926-88a2-4d53-b9c6-24be8882703a,Jared Jones,P,SP,37,D60,6bfec6ff-ed91-4635-add5-9dcba1dce26e,D60,Elbow,The Pittsburgh Pirates transferred RHP Jared Jones to the 60-Day injured list with a right elbow UCL sprain.,2025-03-26,2025-03-31
481dfe7e-5dab-46ab-a49f-9dcc2b6e2cfd,Pittsburgh,Pirates,PIT,4c696c69-01ad-4039-a18c-72bc1a4eff6c,Ronny Simon,IF,2B,63,D60,850c5cc3-71a6-4a43-b85b-4e72aa120608,D60,Shoulder,The Pittsburgh Pirates transferred INF Ronny Simon from the 10-day injured list to the 60-day injured list with dislocated left shoulder.,2025-08-30,2025-09-23
d52d5339-cbdd-43f3-9dfa-a42fd588b9a3,San Diego,Padres,SD,bb8651aa-fe5b-41ca-9b19-dca358fb9507,Jason Adam,P,RP,40,D60,2af0e5ae-3224-4d29-a280-b81551cb97cf,D60,Quad,The San Diego Padres transferred RHP Jason Adam from the 15-day injured list to the 60-day injured list.,2025-09-01,2025-09-30
d52d5339-cbdd-43f3-9dfa-a42fd588b9a3,San Diego,Padres,SD,d6d28d10-085a-4122-86c0-2886b5ec362a,Jhony Brito,P,RP,76,D60,c72e133d-ddb5-43ef-8db0-e5a803198b6e,D60,Forearm,The San Diego Padres transferred RHP Jhony Brito from the 15-day injured list to the 60-day injured list due to a forearm strain. Brito underwent a UCL and will miss the entire 2025 season.,2025-03-27,2025-05-12
d52d5339-cbdd-43f3-9dfa-a42fd588b9a3,San Diego,Padres,SD,9c12832b-c487-40d4-915b-e44097632d7c,Joe Musgrove,P,SP,44,D60,499e3279-8da5-497a-845e-e17986f6b3e7,D60,Elbow,The San Diego Padres placed RHP Joe Musgrove on the 60-day injured list as he recovers from Tommy John surgery.,2025-03-20,2025-03-20
a7723160-10b7-4277-a309-d8dd95a8ae65,San Francisco,Giants,SF,1108c644-ff76-487f-a568-ee5c49e71f28,Erik Miller,P,RP,68,D60,deb5ec0e-59fc-4a23-9503-953c2830dca1,D60,Elbow,The San Francisco Giants transferred LHP Erik Miller from the 15-day injured list to the 60-day injured list with a left elbow sprain.,2025-07-05,2025-08-21
a7723160-10b7-4277-a309-d8dd95a8ae65,San Francisco,Giants,SF,4c0e2816-2971-4adf-962c-97b68c5a6666,Randy Rodríguez,P,RP,73,D60,11df1575-0e7c-4464-a348-f3f09368b958,D60,Elbow,The San Francisco Giants transferred RHP Randy Rodríguez from the 15-day injured list to the 60-day injured list with a right elbow sprain.,2025-08-23,2025-09-01
44671792-dc02-4fdd-a5ad-f5f17edaa9d7,St. Louis,Cardinals,STL,c8f9ffa5-d070-4c45-b415-c6331e0f3f7a,Zack Thompson,P,RP,57,D60,77ca72ee-e52f-4d87-9e79-1c2d122119fc,D60,Lat,The St. Louis Cardinals transferred LHP Zack Thompson from the 15-day injured list to the 60-day injured list with a tear in the left side lat muscle.,2025-03-23,2025-04-07
bdc11650-6f74-49c4-875e-778aeb7632d9,Tampa Bay,Rays,TB,4a65b836-e419-4f4b-bf51-e0f2386f457d,Brian Van Belle,P,RP,67,D60,baa4904c-0a36-4074-b909-dbb4a20e2a3b,D60,Elbow,The Tampa Bay Rays transferred RHP Brian Van Belle to the 60-day injured list due to elbow inflammation.,2025-09-06,2025-09-09
bdc11650-6f74-49c4-875e-778aeb7632d9,Tampa Bay,Rays,TB,981dbdba-601a-4917-95d7-7ecdcaf7eaa5,Nate Lavender,P,RP,64,D60,56e2f6b0-c9e8-4ec4-b8e3-5c0ce5eb791d,D60,Elbow,The Tampa Bay Rays placed LHP Nate Lavender on the 60-day injured list as he recovers from an internal brace procedure on his left elbow.,2025-02-12,2025-02-12
bdc11650-6f74-49c4-875e-778aeb7632d9,Tampa Bay,Rays,TB,4c8bdaff-1cf9-4b2b-b22e-26b6dcde5d1b,Taylor Walls,IF,SS,6,D60,4144e41b-09a8-4097-93ab-d040cf1cf3b9,D60,Groin,The Tampa Bay Rays transferred INF Taylor Walls from the 10-day injured list to the 60-day injured list with a left groin strain.,2025-08-09,2025-09-17
d99f919b-1534-4516-8e8a-9cd106c6d8cd,Texas,Rangers,TEX,0feb47d0-1eac-4553-9a83-5926f9cc795b,Cody Bradford,P,RP,61,D60,782ece19-eccc-4746-8d0a-1c71f1c7f8b4,D60,Elbow,The Texas Rangers placed LHP Cody Bradford to the 60-day injured list with a left elbow sprain.,2025-03-27,2025-04-08
d99f919b-1534-4516-8e8a-9cd106c6d8cd,Texas,Rangers,TEX,32d00b51-571d-43b7-86eb-ac750e69af35,Evan Carter,OF,CF,32,D60,701d6ae9-ea4b-4bcb-870a-c5b290518737,D60,Wrist,The Texas Rangers placed OF Evan Carter on the 60-day injured list with a right wrist fracture.,2025-08-21,2025-08-29
d99f919b-1534-4516-8e8a-9cd106c6d8cd,Texas,Rangers,TEX,5cc6bf5e-80b0-42ef-8735-1f1df4af3a12,Josh Sborz,P,RP,66,D60,47c2bb08-296d-4256-81bc-02b4ec197df0,D60,Shoulder,The Texas Rangers placed RHP Josh Sborz on the 60-day injured list to right shoulder surgery.,2025-02-17,2025-02-17
d99f919b-1534-4516-8e8a-9cd106c6d8cd,Texas,Rangers,TEX,c2d72221-932c-4155-9121-eaa87cfed176,Marcus Semien,IF,2B,2,D60,5e3917ff-1b32-472c-835a-9389abd4b086,D60,Foot,The Texas Rangers transferred INF Marcus Semien to the 60-day injured list due to left foot contusion.,2025-08-21,2025-09-27
d99f919b-1534-4516-8e8a-9cd106c6d8cd,Texas,Rangers,TEX,6dd571bc-b26c-4efc-87da-7b501c96faf1,Nathan Eovaldi,P,SP,17,D60,c673e461-c999-4913-9312-da9930347f11,D60,Rotator Cuff,The Texas Rangers placed RHP Nathan Eovaldi on the 60-day injured list.,2025-08-24,2025-09-26
d99f919b-1534-4516-8e8a-9cd106c6d8cd,Texas,Rangers,TEX,83224cde-72e0-416c-8d4b-fe83f5729451,Sam Haggerty,OF,CF,0,D60,803613f8-f252-4e78-89ec-7a7c2d58851e,D60,Oblique,The Texas Rangers transferred OF Sam Haggerty from the 10-day injured list to the 60-day injured list with a left side strain.,2025-08-17,2025-09-24
1d678440-b4b1-4954-9b39-70afb3ebbcfa,Toronto,Blue Jays,TOR,99395094-1353-4c1f-81ad-7022b7d38bc0,Angel Bastardo,P,SP,66,D60,b82cee81-cc25-4a9b-a794-b3a6942e22d7,D60,Elbow,The Toronto Blue Jays placed RHP Angel Bastardo on the 60-day injured list as he recovers from Tommy John surgery.,2025-03-12,2025-03-12
1d678440-b4b1-4954-9b39-70afb3ebbcfa,Toronto,Blue Jays,TOR,33d74b50-ee53-42d2-8556-0d77e2c4a148,Bowden Francis,P,SP,44,D60,7ee0b348-3818-41c0-88c5-bc35cf186528,D60,Shoulder,The Toronto Blue Jays placed RHP Bowden Francis on the 60-day injured list with right shoulder impingement.,2025-06-15,2025-07-28
1d678440-b4b1-4954-9b39-70afb3ebbcfa,Toronto,Blue Jays,TOR,1458283f-6a58-4f58-9bbb-7160086b9bc8,Nick Sandlin,P,RP,52,D60,85ef07f6-196e-43ec-9943-1de1fec1feb5,D60,Elbow,The Toronto Blue Jays transferred RHP Nick Sandlin from the 15-day injured list to the 60-day injured list due to a right elbow inflammation.,2025-07-08,2025-09-01
1d678440-b4b1-4954-9b39-70afb3ebbcfa,Toronto,Blue Jays,TOR,6e1bd11d-dfb1-405f-801b-874cf13f782c,Robinson Piña,P,SP,33,D60,8e72823b-0d99-4e11-b345-668e4aad758d,D60,Elbow,The Toronto Blue Jays placed RHP Robinson Pina on the 60-day injured list with a right elbow UCL sprain.,2025-09-02,2025-09-02
1d678440-b4b1-4954-9b39-70afb3ebbcfa,Toronto,Blue Jays,TOR,747e416f-2731-46e1-9b46-2d309d9781e9,Ryan Burr,P,RP,43,D60,a6347bd6-f422-46da-8c95-48cba3f46870,D60,Shoulder,The Toronto Blue Jays placed RHP Ryan Burr on the 60-day injured list with a right shoulder rotator cuff strain.,2025-07-09,2025-07-11
1d678440-b4b1-4954-9b39-70afb3ebbcfa,Toronto,Blue Jays,TOR,3731cc61-f348-4155-bccc-a46a2a7edbf3,Yimi García,P,RP,93,D60,5a9ccd9e-1d2a-4719-b413-4f78c11a97d2,D60,Ankle,The Toronto Blue Jays transferred RHP Yimi García from 15-day injured list to the 60-day injured list due to a left ankle injury.,2025-07-05,2025-08-31
d89bed32-3aee-4407-99e3-4103641b999a,Washington,Nationals,WSH,15d508ea-ad13-48c5-ac31-79c8c246b8e5,DJ Herz,P,SP,77,D60,aad8feea-7a42-45ff-a91b-f6765a0a37f9,D60,Elbow,The Washington Nationals placed LHP DJ Herz on the 60-day injured list as he recovers from Tommy John surgery.,2025-03-24,2025-03-26
d89bed32-3aee-4407-99e3-4103641b999a,Washington,Nationals,WSH,13c0561a-dca5-4064-bebc-21d28ff1dec7,Drew Millas,C,C,81,D60,7c0ddaf7-7928-43e2-b605-b744fb3751d6,D60,Finger,The Washington Nationals transferred C Drew Millas from the 10-day injured list to the 60-day injured list due to a dislocated left index finger.,2025-08-27,2025-09-02
d89bed32-3aee-4407-99e3-4103641b999a,Washington,Nationals,WSH,58ed579a-6d32-4fbf-80d0-bcfc5a5e5c18,Josiah Gray,P,SP,40,D60,31f93ba6-609a-4f4c-b0c8-224ffe1ccdd3,D60,Elbow,The Washington Nationals placed RHP Josiah Gray on the 60-day injured list as he recovers from Tommy John surgery.,2025-02-16,2025-02-16
d89bed32-3aee-4407-99e3-4103641b999a,Washington,Nationals,WSH,e40d5150-268a-4af2-99cc-dae6e3e1a016,Trevor Williams,P,SP,32,D60,c21ec749-cdd9-4a59-b370-b6a107ae4ac7,D60,Elbow,The Washington Nationals transferred RHP Trevor Williams to the 60-day injured list due to a right elbow sprain.,2025-07-04,2025-07-08
27a59d3b-ff7c-48ea-b016-4798f560f5e1,,Athletics,ATH,bc753dad-b698-4cfc-8b3b-5aaa551fd931,Austin Wynns,C,C,29,D60,123cdb96-4945-4583-96b3-7faba9fc8d56,D60,Abdomen,The Athletics placed C Austin Wynns on the 60-day injured list due to abdominal strain.,2025-08-04,2025-08-11
27a59d3b-ff7c-48ea-b016-4798f560f5e1,,Athletics,ATH,8ed9e7bf-cd90-4fd5-b38e-d0b653c025ac,Grant Holman,P,RP,67,D60,dd1c7f41-fd87-46e7-b50f-8dee34f23595,D60,Shoulder,The Athletics transferred RHP Grant Holman to the 60-day injured list due to a right shoulder rotator cuff tendinitis.,2025-06-16,2025-07-15
27a59d3b-ff7c-48ea-b016-4798f560f5e1,,Athletics,ATH,4b98b85a-fd70-4a4b-bbb8-da11780db3c7,Gunnar Hoglund,P,SP,53,D60,a83684b0-1de0-4606-a149-827580eb9f4b,D60,Hip,"The Athletics transferred RHP Gunnar Hoglund to the 60-day injured list with a left hip impingement. He is undergoing surgery Friday (Jun. 13) and is expected to miss the rest of the 2025 season, Hoglund's agent announced.",2025-06-01,2025-06-22
27a59d3b-ff7c-48ea-b016-4798f560f5e1,,Athletics,ATH,a75a7e3e-81b2-449a-8364-eb73b1c39d1f,Luis Medina,P,SP,46,D60,3ae0e43f-4724-410a-8cd7-2d3875aa151f,D60,Elbow,The  Athletics placed RHP Luis Medina on the 60-day injured list as he recovers from Tommy John surgery.,2025-02-17,2025-02-17
